target_len,teacher_forcing_ratio,learning_rate,MAE_m,MSE_m2,RMSE_m,best_val_loss,model_path,per_step_MAE_m,per_step_RMSE_m
1,0.2,0.01,67482.09375,6429698048.0,80185.39797244883,0.31352994335221424,grid_models\seq2seq_tlen1_tfr0.2_lr0.01.pt,67482.09,80185.40
1,0.2,0.04,71709.984375,6707603456.0,81899.96004883031,0.31397360476894653,grid_models\seq2seq_tlen1_tfr0.2_lr0.04.pt,71709.98,81899.96
1,0.2,0.06,67680.1953125,6451174400.0,80319.20318329858,0.3162442562845198,grid_models\seq2seq_tlen1_tfr0.2_lr0.06.pt,67680.20,80319.20
1,0.2,0.08,67588.921875,6474694144.0,80465.4841780002,0.31810377411328367,grid_models\seq2seq_tlen1_tfr0.2_lr0.08.pt,67588.92,80465.48
1,0.2,0.1,68202.65625,6413707776.0,80085.6277742767,0.3088568659715246,grid_models\seq2seq_tlen1_tfr0.2_lr0.1.pt,68202.66,80085.62
1,0.3,0.01,67491.7890625,6430667776.0,80191.44453119671,0.31367242220195307,grid_models\seq2seq_tlen1_tfr0.3_lr0.01.pt,67491.79,80191.45
1,0.3,0.04,71505.625,6686876160.0,81773.32181096717,0.3132878879652075,grid_models\seq2seq_tlen1_tfr0.3_lr0.04.pt,71505.62,81773.32
1,0.3,0.06,72066.046875,6740947968.0,82103.2762318289,0.3154711878548066,grid_models\seq2seq_tlen1_tfr0.3_lr0.06.pt,72066.05,82103.27
1,0.3,0.08,69515.7421875,6500289536.0,80624.37308903555,0.3082728591221182,grid_models\seq2seq_tlen1_tfr0.3_lr0.08.pt,69515.74,80624.38
1,0.3,0.1,67798.0234375,6498893824.0,80615.7169787629,0.3159216906187003,grid_models\seq2seq_tlen1_tfr0.3_lr0.1.pt,67798.02,80615.72
1,0.4,0.01,67485.5546875,6431581184.0,80197.13950010935,0.3137424337050027,grid_models\seq2seq_tlen1_tfr0.4_lr0.01.pt,67485.55,80197.14
1,0.4,0.04,67636.328125,6455314944.0,80344.97460326937,0.31657631520478835,grid_models\seq2seq_tlen1_tfr0.4_lr0.04.pt,67636.33,80344.98
1,0.4,0.06,68676.46875,6452598272.0,80328.06652721077,0.3134307424821284,grid_models\seq2seq_tlen1_tfr0.4_lr0.06.pt,68676.47,80328.07
1,0.4,0.08,68026.953125,6439790080.0,80248.30266117782,0.3146844177061449,grid_models\seq2seq_tlen1_tfr0.4_lr0.08.pt,68026.95,80248.30
1,0.4,0.1,67503.9140625,6391508992.0,79946.91358645435,0.3079438790867942,grid_models\seq2seq_tlen1_tfr0.4_lr0.1.pt,67503.91,79946.91
1,0.5,0.01,67503.25,6431827968.0,80198.67809384392,0.3138383599166907,grid_models\seq2seq_tlen1_tfr0.5_lr0.01.pt,67503.25,80198.68
1,0.5,0.04,71789.21875,6713750016.0,81937.47626086613,0.314400137361625,grid_models\seq2seq_tlen1_tfr0.5_lr0.04.pt,71789.22,81937.48
1,0.5,0.06,67905.75,6436480512.0,80227.6792135981,0.31451347799620766,grid_models\seq2seq_tlen1_tfr0.5_lr0.06.pt,67905.75,80227.68
1,0.5,0.08,68382.703125,6420523008.0,80128.16613401308,0.30792859500355046,grid_models\seq2seq_tlen1_tfr0.5_lr0.08.pt,68382.70,80128.16
1,0.5,0.1,69502.4140625,6497285120.0,80605.73875351556,0.31363530556900776,grid_models\seq2seq_tlen1_tfr0.5_lr0.1.pt,69502.41,80605.74
1,0.6,0.01,67468.4453125,6431879680.0,80199.00049252484,0.31369377443890856,grid_models\seq2seq_tlen1_tfr0.6_lr0.01.pt,67468.45,80199.00
1,0.6,0.04,68204.8125,6446711808.0,80291.41802210246,0.3150840217004652,grid_models\seq2seq_tlen1_tfr0.6_lr0.04.pt,68204.81,80291.42
1,0.6,0.06,68953.5703125,6464663040.0,80403.12829734922,0.31322152009638754,grid_models\seq2seq_tlen1_tfr0.6_lr0.06.pt,68953.57,80403.12
1,0.6,0.08,68866.9765625,6449650688.0,80309.71727007884,0.3093172603327295,grid_models\seq2seq_tlen1_tfr0.6_lr0.08.pt,68866.98,80309.72
1,0.6,0.1,69554.3671875,6611356672.0,81310.24948922491,0.309777383044686,grid_models\seq2seq_tlen1_tfr0.6_lr0.1.pt,69554.37,81310.25
1,0.7,0.01,67484.3671875,6432002560.0,80199.76658320148,0.313780944308509,grid_models\seq2seq_tlen1_tfr0.7_lr0.01.pt,67484.37,80199.77
1,0.7,0.04,69720.4453125,6519754752.0,80744.99830949283,0.3162887626719,grid_models\seq2seq_tlen1_tfr0.7_lr0.04.pt,69720.45,80745.00
1,0.7,0.06,67963.4296875,6436183040.0,80225.82526842588,0.3143615042520822,grid_models\seq2seq_tlen1_tfr0.7_lr0.06.pt,67963.43,80225.83
1,0.7,0.08,70956.8046875,6634315264.0,81451.30609143109,0.31138628359506093,grid_models\seq2seq_tlen1_tfr0.7_lr0.08.pt,70956.80,81451.30
1,0.7,0.1,67350.734375,6419234304.0,80120.1242135832,0.3112726382340939,grid_models\seq2seq_tlen1_tfr0.7_lr0.1.pt,67350.73,80120.12
5,0.2,0.01,73765.0234375,7121985024.0,84391.85401447228,0.3448129699099809,grid_models\seq2seq_tlen5_tfr0.2_lr0.01.pt,"73295.21,73131.51,73595.42,74142.36,74660.62","83288.88,83727.56,84348.36,84980.77,85593.24"
5,0.2,0.04,71701.6640625,6836724224.0,82684.48599344377,0.3158233284484595,grid_models\seq2seq_tlen5_tfr0.2_lr0.04.pt,"71905.59,70318.14,71544.41,72135.60,72604.53","86420.90,80725.78,81492.38,82068.33,82596.46"
5,0.2,0.06,68724.3359375,6411226112.0,80070.13245898872,0.30644519004272297,grid_models\seq2seq_tlen5_tfr0.2_lr0.06.pt,"67341.93,68745.45,68750.30,69165.59,69618.43","78929.74,79763.99,80028.01,80541.56,81070.98"
5,0.2,0.08,69653.9765625,6579040768.0,81111.28631701016,0.316167370590847,grid_models\seq2seq_tlen5_tfr0.2_lr0.08.pt,"67984.84,69179.43,69387.44,70551.91,71166.25","79055.45,82234.45,80429.57,81552.02,82239.20"
5,0.2,0.1,70126.375,6663725568.0,81631.64562839585,0.318952486559283,grid_models\seq2seq_tlen5_tfr0.2_lr0.1.pt,"68653.41,69652.58,70255.45,70788.19,71282.24","80217.93,81082.42,81695.05,82281.84,82855.10"
5,0.3,0.01,74700.171875,7263608320.0,85226.80517302053,0.3520427531329915,grid_models\seq2seq_tlen5_tfr0.3_lr0.01.pt,"76128.02,73717.01,74013.13,74556.68,75086.02","85046.27,84293.78,84943.78,85603.35,86234.28"
5,0.3,0.04,69129.2421875,6561015808.0,81000.09758018814,0.3076827005716041,grid_models\seq2seq_tlen5_tfr0.3_lr0.04.pt,"70166.00,67714.38,68650.07,69303.60,69812.13","83528.98,79575.41,79988.98,80635.74,81211.93"
5,0.3,0.06,70425.578125,6545360896.0,80903.40472439957,0.31897337082773447,grid_models\seq2seq_tlen5_tfr0.3_lr0.06.pt,"69357.87,69951.95,70440.05,70946.58,71431.43","79765.96,80355.30,80896.02,81459.30,82020.95"
5,0.3,0.08,67255.5390625,6379383808.0,79871.04486608398,0.30435351011692546,grid_models\seq2seq_tlen5_tfr0.3_lr0.08.pt,"66218.39,66744.71,67271.79,67780.40,68262.38","78752.53,79313.14,79867.09,80424.64,80978.44"
5,0.3,0.1,73704.6796875,7445662208.0,86288.25069498165,0.3606263587716967,grid_models\seq2seq_tlen5_tfr0.3_lr0.1.pt,"87864.20,69181.73,69821.00,70533.15,71123.31","96721.00,81642.52,83247.85,84139.29,84842.38"
5,0.4,0.01,68409.7421875,6506648576.0,80663.79966255,0.32303527084877715,grid_models\seq2seq_tlen5_tfr0.4_lr0.01.pt,"66026.51,67737.90,68803.67,69462.53,70018.12","78566.78,79870.07,80921.18,81633.67,82273.82"
5,0.4,0.04,67674.0078125,6375916032.0,79849.33332220126,0.3011318253411446,grid_models\seq2seq_tlen5_tfr0.4_lr0.04.pt,"66740.77,67121.66,67631.86,68193.03,68682.68","79331.15,79403.69,79601.66,80172.37,80728.99"
5,0.4,0.06,74959.8125,7266845696.0,85245.7957672987,0.3345044412999414,grid_models\seq2seq_tlen5_tfr0.4_lr0.06.pt,"75443.11,72951.41,74840.90,75540.62,76023.04","91254.63,82289.55,83508.94,84173.52,84713.20"
5,0.4,0.08,66891.84375,6342449152.0,79639.49492557069,0.30411020276369527,grid_models\seq2seq_tlen5_tfr0.4_lr0.08.pt,"65882.90,66381.49,66894.05,67406.41,67894.34","78529.91,79082.91,79627.98,80189.22,80748.15"
5,0.4,0.1,70482.0234375,6918967296.0,83180.3299825145,0.3339945043553598,grid_models\seq2seq_tlen5_tfr0.4_lr0.1.pt,"79398.63,67286.65,67937.68,68606.53,69180.61","89523.46,80080.38,81248.19,82027.39,82690.75"
5,0.5,0.01,74262.3671875,7192844800.0,84810.6408418189,0.34861046471633017,grid_models\seq2seq_tlen5_tfr0.5_lr0.01.pt,"74232.50,73552.95,73970.18,74517.00,75039.24","83880.12,84094.62,84719.85,85360.71,85979.87"
5,0.5,0.04,68993.921875,6523535872.0,80768.40887376698,0.30568577922531404,grid_models\seq2seq_tlen5_tfr0.5_lr0.04.pt,"69280.97,67869.52,68739.84,69299.11,69780.20","82643.62,79407.53,80021.51,80591.98,81139.66"
5,0.5,0.06,72523.171875,6977347584.0,83530.5188778329,0.3232880723080598,grid_models\seq2seq_tlen5_tfr0.5_lr0.06.pt,"74822.37,70285.79,71886.53,72563.68,73057.47","89869.27,80640.25,81653.05,82305.44,82861.31"
5,0.5,0.08,73352.1015625,7075211264.0,84114.27503105522,0.325060463626869,grid_models\seq2seq_tlen5_tfr0.5_lr0.08.pt,"74912.25,71349.73,72914.28,73555.48,74028.75","90283.84,81329.95,82300.93,82911.65,83441.81"
5,0.5,0.1,71908.734375,7222848000.0,84987.34023370774,0.347948576672934,grid_models\seq2seq_tlen5_tfr0.5_lr0.1.pt,"66435.64,79976.36,68855.45,71664.91,72611.30","78504.47,95298.30,81012.59,84038.59,85111.66"
5,0.6,0.01,74979.8515625,7282384384.0,85336.8875926466,0.3527682989370078,grid_models\seq2seq_tlen5_tfr0.6_lr0.01.pt,"74842.31,74284.87,74717.48,75266.30,75788.28","84333.23,84630.00,85265.40,85908.47,86528.24"
5,0.6,0.04,67495.53125,6352419328.0,79702.06602090062,0.30011106058373116,grid_models\seq2seq_tlen5_tfr0.6_lr0.04.pt,"66585.55,66963.09,67493.08,67984.71,68451.21","79094.67,79054.08,79581.70,80116.42,80651.66"
5,0.6,0.06,68744.4609375,6469763584.0,80434.84061027286,0.302554583089659,grid_models\seq2seq_tlen5_tfr0.6_lr0.06.pt,"67908.04,68066.19,68754.64,69265.45,69727.94","80818.66,79546.12,80069.98,80601.22,81128.42"
5,0.6,0.08,68996.875,6603297280.0,81260.67486798273,0.3254377384437248,grid_models\seq2seq_tlen5_tfr0.6_lr0.08.pt,"68650.98,67517.40,68934.89,69655.82,70225.30","80874.29,79824.88,81133.77,81895.47,82548.59"
5,0.6,0.1,80107.6875,8509507584.0,92246.99227617127,0.39721249730791897,grid_models\seq2seq_tlen5_tfr0.6_lr0.1.pt,"107590.45,69270.20,73521.99,74765.51,75390.30","121698.78,79966.59,83298.00,84512.74,85213.42"
5,0.7,0.01,75189.6953125,7307079168.0,85481.45511162055,0.35371495713479817,grid_models\seq2seq_tlen5_tfr0.7_lr0.01.pt,"75236.49,74467.48,74877.05,75422.83,75944.58","84582.12,84754.79,85382.59,86025.16,86645.09"
5,0.7,0.04,66932.4609375,6331449344.0,79570.40495058449,0.3012631410092581,grid_models\seq2seq_tlen5_tfr0.7_lr0.04.pt,"65994.19,66485.11,66890.14,67413.51,67879.37","78524.88,79062.81,79517.06,80097.11,80632.80"
5,0.7,0.06,74943.46875,7233205760.0,85048.25547887506,0.32677401101682335,grid_models\seq2seq_tlen5_tfr0.7_lr0.06.pt,"73666.75,74004.30,75182.30,75718.91,76145.02","88111.60,83428.04,84050.50,84551.30,85021.91"
5,0.7,0.08,74423.109375,7397302784.0,86007.57399206188,0.3448493881733157,grid_models\seq2seq_tlen5_tfr0.7_lr0.08.pt,"87287.92,68819.67,71239.36,72108.90,72659.66","101697.38,79753.95,81457.70,82296.94,82917.55"
5,0.7,0.1,68690.6796875,6507748864.0,80670.61958358818,0.3058311846689321,grid_models\seq2seq_tlen5_tfr0.7_lr0.1.pt,"67366.51,69787.39,68188.57,68832.61,69278.31","79363.16,81237.62,80092.38,81048.20,81590.92"
10,0.2,0.01,80082.3671875,8715364352.0,93356.11577181218,0.45899759738122003,grid_models\seq2seq_tlen10_tfr0.2_lr0.01.pt,"77137.52,76778.29,78251.93,79232.13,80028.52,80678.12,81314.86,81940.66,82458.93,83002.79","85513.86,89295.20,91585.89,92811.96,93796.88,94541.38,95278.91,96023.09,96682.16,97383.19"
10,0.2,0.04,69931.2890625,6952634880.0,83382.4614652266,0.3562548381544776,grid_models\seq2seq_tlen10_tfr0.2_lr0.04.pt,"73220.19,65322.25,67520.48,68549.67,69290.43,69906.18,70512.02,71115.01,71665.46,72211.18","85693.81,78141.56,80660.64,81862.65,82767.88,83477.95,84179.26,84885.23,85563.25,86240.22"
10,0.2,0.06,72158.3359375,7018146816.0,83774.38042743139,0.3700873404741287,grid_models\seq2seq_tlen10_tfr0.2_lr0.06.pt,"69202.36,66522.20,70340.35,71710.14,72491.77,73105.38,73702.05,74293.92,74838.79,75376.41","80179.71,77586.73,81561.64,83121.46,84062.42,84768.22,85458.88,86153.94,86825.35,87492.88"
10,0.2,0.08,76345.7890625,7598562816.0,87169.73566553934,0.39342157441680714,grid_models\seq2seq_tlen10_tfr0.2_lr0.08.pt,"77453.69,72707.27,74412.67,75164.17,75846.98,76438.16,77022.59,77604.46,78139.40,78668.55","90848.15,83439.82,84595.86,85360.68,86173.20,86851.85,87529.23,88214.56,88874.75,89533.08"
10,0.2,0.1,89459.09375,11250067456.0,106066.335168139,0.5711805052676443,grid_models\seq2seq_tlen10_tfr0.2_lr0.1.pt,"174128.09,66361.70,77253.48,80091.73,81166.12,81872.52,82534.04,83181.79,83720.80,84280.66","183226.75,79168.57,90343.55,93341.77,94566.38,95342.29,96081.85,96826.79,97490.83,98192.55"
10,0.3,0.01,80019.5,8459616256.0,91976.17221867846,0.43765597613686225,grid_models\seq2seq_tlen10_tfr0.3_lr0.01.pt,"78663.40,78557.16,78200.88,78815.52,79523.95,80134.04,80739.45,81336.91,81848.02,82375.76","86767.91,90805.84,90167.04,90845.33,91719.60,92431.49,93145.46,93864.98,94516.31,95198.28"
10,0.3,0.04,70897.171875,7162392064.0,84630.91671487436,0.3821369505534738,grid_models\seq2seq_tlen10_tfr0.3_lr0.04.pt,"66514.38,66326.08,69219.47,70404.50,71196.22,71842.09,72475.98,73104.48,73663.42,74225.13","79519.56,79444.15,82621.66,83960.14,84912.52,85641.45,86360.60,87084.50,87764.92,88455.67"
10,0.3,0.06,72875.6015625,7170247680.0,84677.31502592651,0.37758143839694686,grid_models\seq2seq_tlen10_tfr0.3_lr0.06.pt,"69039.75,65830.09,70453.06,72683.13,73609.13,74251.70,74861.83,75463.82,76010.27,76553.18","80060.58,77864.59,81675.20,84178.89,85280.01,86013.91,86716.07,87420.31,88092.70,88767.00"
10,0.3,0.08,89769.703125,10901786624.0,104411.62111565935,0.5503222457433151,grid_models\seq2seq_tlen10_tfr0.3_lr0.08.pt,"167754.69,67402.64,78502.27,81227.84,82246.67,82916.77,83545.21,84164.71,84696.09,85240.16","177890.91,78756.94,89561.17,92427.67,93596.84,94347.02,95062.05,95783.14,96439.06,97121.27"
10,0.3,0.1,98803.0625,14712015872.0,121293.09902875761,0.7365115193997399,grid_models\seq2seq_tlen10_tfr0.3_lr0.1.pt,"236078.47,66921.36,80174.88,83911.12,85148.91,85893.14,86574.70,87237.54,87765.00,88325.55","243152.94,80006.55,95040.87,98988.48,100376.23,101183.73,101939.17,102699.25,103355.15,104065.98"
10,0.4,0.01,69142.0625,6835546112.0,82677.3615447421,0.3533351870916657,grid_models\seq2seq_tlen10_tfr0.4_lr0.01.pt,"65003.65,66894.59,66855.70,68384.07,69208.97,69837.40,70446.16,71049.30,71597.87,72142.89","77531.41,78444.12,80085.02,81930.03,82942.49,83668.87,84374.97,85082.83,85760.52,86438.98"
10,0.4,0.04,73429.9296875,7610900992.0,87240.47794458717,0.4058149376157987,grid_models\seq2seq_tlen10_tfr0.4_lr0.04.pt,"70447.12,68530.48,71539.93,72747.48,73570.52,74240.83,74896.85,75545.52,76104.96,76675.60","80678.65,82048.48,85346.48,86698.30,87676.63,88419.15,89151.95,89891.35,90570.87,91272.44"
10,0.4,0.06,76568.609375,7639055360.0,87401.68968618399,0.39648472808175167,grid_models\seq2seq_tlen10_tfr0.4_lr0.06.pt,"74663.01,70314.29,74732.29,76077.35,76853.71,77462.66,78054.68,78642.20,79177.38,79708.56","88580.90,80473.87,84809.65,86270.58,87192.09,87889.20,88573.54,89264.32,89924.54,90586.19"
10,0.4,0.08,70415.875,6859186688.0,82820.20700288065,0.3591338923927081,grid_models\seq2seq_tlen10_tfr0.4_lr0.08.pt,"66166.53,64915.62,68564.20,70100.06,70911.39,71532.66,72134.60,72731.67,73280.15,73821.90","78145.74,76841.17,80504.47,82252.60,83229.59,83944.32,84640.52,85340.22,86015.42,86687.10"
10,0.4,0.1,74206.7109375,7368919040.0,85842.40816752522,0.380575385639223,grid_models\seq2seq_tlen10_tfr0.4_lr0.1.pt,"68479.15,76249.77,69309.40,73108.59,74285.81,74957.70,75566.00,76162.38,76704.88,77243.47","79247.23,90242.57,80371.21,84176.94,85499.74,86260.17,86960.77,87660.00,88328.51,88998.10"
10,0.5,0.01,80639.0234375,8762274816.0,93607.02332624406,0.4575458412705842,grid_models\seq2seq_tlen10_tfr0.5_lr0.01.pt,"83137.21,76490.71,78180.53,79216.27,80019.59,80669.49,81305.73,81930.40,82448.47,82991.90","89665.05,88472.77,91398.77,92739.39,93739.96,94486.28,95224.04,95967.10,96625.98,97326.54"
10,0.5,0.04,71354.6875,7275642368.0,85297.37609094432,0.3732477432842982,grid_models\seq2seq_tlen10_tfr0.5_lr0.04.pt,"79420.41,65630.14,68316.08,69467.41,70246.44,70884.82,71511.25,72133.07,72690.04,73247.25","92493.36,78588.89,81890.62,83264.89,84217.26,84944.14,85659.85,86379.76,87059.52,87747.27"
10,0.5,0.06,77414.03125,7787045888.0,88244.23997066324,0.4055222088502625,grid_models\seq2seq_tlen10_tfr0.5_lr0.06.pt,"76701.41,70519.67,75416.27,76842.82,77636.70,78251.42,78848.54,79440.43,79975.02,80508.08","90032.54,80780.53,85550.63,87087.04,88025.82,88727.60,89416.14,90111.06,90770.54,91435.09"
10,0.5,0.08,73761.65625,7183858688.0,84757.64678186859,0.37541497713428434,grid_models\seq2seq_tlen10_tfr0.5_lr0.08.pt,"70237.24,66114.52,71162.76,73645.63,74593.69,75224.76,75817.82,76403.78,76942.28,77474.14","80387.13,78375.06,81602.71,84219.78,85321.05,86043.27,86729.98,87419.49,88083.87,88745.27"
10,0.5,0.1,110454.2265625,16702632960.0,129238.66665978878,0.8302218019962311,grid_models\seq2seq_tlen10_tfr0.5_lr0.1.pt,"220166.62,89121.84,95394.09,97791.41,98830.59,99491.48,100117.25,100734.34,101187.92,101706.75","225363.02,98580.71,110154.60,113393.80,114704.66,115492.81,116242.24,116997.18,117614.00,118313.58"
10,0.6,0.01,78712.2734375,9096047616.0,95373.20177072803,0.44217467838424745,grid_models\seq2seq_tlen10_tfr0.6_lr0.01.pt,"154905.61,64510.55,67786.78,69394.35,70230.79,70867.07,71483.79,72095.12,72648.83,73199.84","167597.50,76948.09,80670.81,82492.49,83498.95,84226.45,84935.05,85646.64,86325.56,87006.71"
10,0.6,0.04,71290.7734375,7189394944.0,84790.29982256224,0.3733463125713801,grid_models\seq2seq_tlen10_tfr0.6_lr0.04.pt,"76735.55,65134.02,68461.32,69773.55,70580.88,71226.88,71858.81,72486.30,73045.10,73605.38","85736.12,77957.27,82015.99,83579.65,84563.54,85296.24,86015.02,86738.47,87418.72,88108.64"
10,0.6,0.06,73911.5703125,7378251264.0,85896.74769163266,0.38683929016529506,grid_models\seq2seq_tlen10_tfr0.6_lr0.06.pt,"69216.81,69751.12,69902.70,73433.05,74577.88,75257.34,75877.65,76487.21,77033.13,77578.91","80294.16,83225.94,81272.46,84984.18,86296.99,87064.66,87775.16,88486.18,89157.62,89835.92"
10,0.6,0.08,75127.1015625,7490030080.0,86544.9598763556,0.39140199427887545,grid_models\seq2seq_tlen10_tfr0.6_lr0.08.pt,"75916.44,68674.59,72951.88,74289.64,75078.34,75701.47,76307.55,76908.46,77450.91,77991.79","86987.49,79981.50,84003.78,85427.71,86361.03,87070.60,87767.82,88471.14,89139.35,89812.23"
10,0.6,0.1,73434.28125,7266971136.0,85246.53151888351,0.38016620392011385,grid_models\seq2seq_tlen10_tfr0.6_lr0.1.pt,"69157.92,67948.84,70238.83,73094.53,74122.07,74778.88,75390.83,75993.21,76537.71,77080.00","80030.36,81553.12,81298.92,84441.87,85650.07,86398.77,87102.64,87807.30,88477.73,89151.67"
10,0.7,0.01,80355.8984375,8697181184.0,93258.67886690225,0.4542617296515885,grid_models\seq2seq_tlen10_tfr0.7_lr0.01.pt,"81278.60,76481.42,78089.23,79101.71,79898.94,80545.73,81179.41,81802.02,82319.84,82862.17","88150.46,88467.20,91192.09,92492.76,93484.98,94228.93,94964.70,95706.02,96364.56,97063.73"
10,0.7,0.04,73042.109375,7341555200.0,85682.87576873222,0.38809230481669055,grid_models\seq2seq_tlen10_tfr0.7_lr0.04.pt,"68911.62,68183.70,71378.80,72568.46,73357.26,73997.60,74625.12,75246.45,75798.66,76353.48","80293.91,80482.40,83744.57,85060.53,86002.82,86726.12,87440.58,88160.53,88837.01,89523.88"
10,0.7,0.06,75046.0,7417894400.0,86127.1989559628,0.3891728471143771,grid_models\seq2seq_tlen10_tfr0.7_lr0.06.pt,"67201.00,70363.05,73893.79,75088.89,75847.99,76458.09,77054.94,77647.02,78185.25,78720.02","79959.76,80894.73,84364.23,85669.65,86574.59,87272.74,87961.77,88657.02,89320.78,89986.55"
10,0.7,0.08,76976.640625,7923309568.0,89012.97415545669,0.4169975193375248,grid_models\seq2seq_tlen10_tfr0.7_lr0.08.pt,"80200.01,69192.81,74419.30,75951.70,76793.46,77440.88,78067.76,78687.28,79231.46,79781.70","92215.53,80796.34,86033.10,87690.47,88682.90,89411.63,90125.20,90845.01,91514.15,92199.38"
10,0.7,0.1,73315.7578125,7667966464.0,87566.9256283444,0.39876098526736437,grid_models\seq2seq_tlen10_tfr0.7_lr0.1.pt,"66261.27,80066.94,67728.96,71645.31,72918.32,73649.97,74312.60,74960.52,75521.53,76092.14","79181.37,95375.29,80832.52,85518.20,87045.73,87864.23,88606.18,89344.77,90025.14,90725.56"
15,0.2,0.01,66548.6640625,6280773632.0,79251.33205189677,0.31837669180499184,grid_models\seq2seq_tlen15_tfr0.2_lr0.01.pt,"63221.09,66044.99,63201.18,64003.62,64639.36,65256.68,65869.53,66493.13,67124.95,67724.88,68133.45,68542.06,68968.58,69288.87,69717.59","75320.21,79063.29,75231.23,76058.27,76791.68,77518.37,78244.71,79014.37,79815.98,80569.44,81083.45,81605.59,82147.55,82573.00,83118.92"
15,0.2,0.04,67709.8203125,6339011072.0,79617.90672957936,0.30626532904527803,grid_models\seq2seq_tlen15_tfr0.2_lr0.04.pt,"72637.16,63890.96,64563.27,65085.81,65601.99,66135.27,66672.60,67230.88,67837.05,68393.57,68777.48,69161.74,69563.60,69844.79,70251.16","86322.22,75590.59,75811.21,76336.18,76922.78,77539.67,78164.57,78827.68,79562.23,80221.49,80698.24,81182.41,81686.62,82057.74,82568.34"
15,0.2,0.06,68461.28125,6320408064.0,79500.99410699215,0.31139571219682693,grid_models\seq2seq_tlen15_tfr0.2_lr0.06.pt,"64564.65,65658.69,65961.04,66351.45,66921.36,67469.80,68015.62,68580.64,69188.09,69748.06,70136.72,70525.91,70931.99,71222.02,71643.22","76078.91,75870.09,77093.47,76903.86,77488.85,78114.44,78747.57,79419.46,80157.88,80824.43,81304.37,81791.96,82299.63,82677.82,83199.59"
15,0.2,0.08,69448.4609375,6922285568.0,83200.27384570318,0.33823205820388264,grid_models\seq2seq_tlen15_tfr0.2_lr0.08.pt,"116012.78,63724.17,62964.84,63549.45,64129.57,64724.71,65322.36,65931.45,66555.54,67146.34,67548.23,67951.16,68372.67,68685.16,69108.44","127606.57,75771.73,75255.92,75910.16,76594.25,77301.80,78013.58,78767.98,79560.41,80300.71,80808.62,81324.41,81860.06,82276.76,82816.91"
15,0.2,0.1,76751.984375,8223376896.0,90682.83683255613,0.3835617938527354,grid_models\seq2seq_tlen15_tfr0.2_lr0.1.pt,"168820.00,66179.66,67001.66,67925.07,68500.90,69039.18,69574.22,70130.24,70731.88,71284.68,71671.26,72058.68,72461.88,72747.70,73152.80","179718.44,79022.32,77074.88,77742.88,78350.59,78962.63,79579.94,80235.49,80960.85,81612.30,82085.39,82566.18,83066.77,83436.05,83941.90"
15,0.3,0.01,68856.578125,6684889600.0,81761.17415986636,0.33904816375838387,grid_models\seq2seq_tlen15_tfr0.3_lr0.01.pt,"89948.81,62737.38,63985.52,64787.21,65429.90,66069.50,66705.91,67352.79,67995.03,68609.51,69027.98,69446.41,69882.24,70216.71,70653.70","105083.00,74710.48,75767.10,76621.87,77365.35,78115.20,78867.05,79664.38,80481.64,81259.19,81782.59,82314.45,82865.97,83306.55,83861.30"
15,0.3,0.04,65609.7734375,6156369920.0,78462.53832243767,0.3016312786688407,grid_models\seq2seq_tlen15_tfr0.3_lr0.04.pt,"62329.94,62500.68,63052.10,63568.84,64086.07,64622.45,65162.32,65720.37,66322.41,66875.98,67250.65,67626.52,68023.26,68300.78,68704.19","74451.76,74654.34,75330.09,75945.05,76555.77,77188.29,77826.17,78501.97,79244.70,79915.60,80394.36,80880.28,81386.27,81761.30,82273.41"
15,0.3,0.06,75013.109375,7325295616.0,85587.94083280658,0.33547785974763056,grid_models\seq2seq_tlen15_tfr0.3_lr0.06.pt,"68735.32,99746.83,70538.80,71208.43,71767.27,72249.18,72723.96,73222.43,73793.68,74305.23,74672.30,75041.88,75426.14,75687.88,76077.29","78609.42,118764.34,81025.63,80356.92,80803.46,81316.53,81842.95,82403.09,83059.99,83625.22,84059.22,84500.39,84961.07,85281.45,85748.53"
15,0.3,0.08,67895.2421875,6327446528.0,79545.24830560277,0.30003029121844854,grid_models\seq2seq_tlen15_tfr0.3_lr0.08.pt,"66104.98,65560.20,67247.77,65755.03,66081.82,66576.97,67083.52,67651.92,68234.81,68775.97,69151.94,69527.95,69905.66,70186.68,70583.52","77711.34,76877.94,78326.96,77330.57,77420.73,77949.85,78525.07,79174.22,79854.13,80480.32,80938.94,81404.80,81877.48,82239.13,82725.98"
15,0.3,0.1,69547.8984375,6578256384.0,81106.45093949062,0.31093833774880125,grid_models\seq2seq_tlen15_tfr0.3_lr0.1.pt,"83367.18,65030.55,65832.64,66372.39,66871.63,67381.88,67896.26,68434.77,69032.66,69575.95,69954.66,70334.32,70730.24,71002.25,71401.20","98033.41,76660.96,76615.02,77100.50,77651.21,78231.62,78820.91,79446.54,80155.10,80780.63,81243.05,81712.73,82202.39,82554.72,83050.53"
15,0.4,0.01,67371.84375,6336436736.0,79601.73827247744,0.3153654194816395,grid_models\seq2seq_tlen15_tfr0.4_lr0.01.pt,"63742.82,64259.00,64739.23,65240.63,65783.86,66353.03,66924.51,67512.84,68123.17,68698.45,69084.28,69471.98,69878.75,70177.12,70587.93","75181.51,75750.27,76314.78,76910.23,77564.36,78249.69,78939.13,79669.28,80441.52,81160.05,81652.87,82153.08,82673.04,83074.41,83599.88"
15,0.4,0.04,68923.8515625,6498701312.0,80614.52295957596,0.3081221980629144,grid_models\seq2seq_tlen15_tfr0.4_lr0.04.pt,"78413.54,64962.57,65533.35,66031.48,66527.41,67039.66,67556.44,68097.48,68696.66,69241.76,69620.83,70000.71,70397.09,70669.62,71069.23","93698.45,76551.37,76446.88,76916.54,77468.90,78053.40,78646.98,79277.17,79989.16,80618.85,81083.06,81554.53,82046.02,82400.48,82898.07"
15,0.4,0.06,76132.25,7380694016.0,85910.96563303197,0.3330022017988894,grid_models\seq2seq_tlen15_tfr0.4_lr0.06.pt,"85422.38,71844.38,73087.49,73599.34,74023.36,74449.77,74883.09,75343.11,75892.40,76375.41,76729.27,77086.73,77458.74,77705.90,78082.41","103348.31,81933.89,81959.80,82354.79,82789.30,83247.92,83717.80,84218.00,84830.33,85340.77,85748.82,86163.65,86597.77,86887.09,87328.33"
15,0.4,0.08,65724.2734375,6177482240.0,78596.96075548978,0.3063134967039029,grid_models\seq2seq_tlen15_tfr0.4_lr0.08.pt,"62953.77,62731.30,63523.53,63460.59,64050.14,64618.49,65180.76,65740.41,66351.80,66917.72,67301.71,67687.55,68098.00,68388.44,68859.83","75111.99,74919.03,75254.95,75838.66,76535.53,77208.39,77878.34,78575.42,79346.46,80043.20,80533.53,81031.15,81552.24,81943.12,82552.30"
15,0.4,0.1,73432.8203125,7191629824.0,84803.47766453921,0.3300905499469351,grid_models\seq2seq_tlen15_tfr0.4_lr0.1.pt,"67341.34,102719.05,69199.11,69248.52,69734.81,70217.63,70702.45,71212.71,71793.70,72315.61,72686.50,73059.52,73447.63,73711.24,74102.54","77100.59,122288.78,80226.33,79084.10,79484.53,80006.32,80548.04,81125.08,81796.88,82378.05,82820.24,83269.57,83738.66,84067.08,84542.66"
15,0.5,0.01,67230.3671875,6322582528.0,79514.66863415831,0.3146411185325296,grid_models\seq2seq_tlen15_tfr0.5_lr0.01.pt,"63784.68,64333.23,64612.99,65077.29,65613.49,66179.89,66749.35,67336.09,67946.03,68520.30,68905.71,69292.98,69699.41,69996.75,70407.31","75229.05,75801.11,76243.07,76815.30,77463.74,78145.85,78832.55,79560.00,80330.92,81047.05,81539.30,82038.92,82558.31,82958.34,83483.27"
15,0.5,0.04,68654.9453125,6435117056.0,80219.18134710676,0.30993039933619676,grid_models\seq2seq_tlen15_tfr0.5_lr0.04.pt,"75948.74,64449.83,65333.95,65888.53,66406.01,66935.97,67469.91,68025.05,68629.56,69183.84,69568.17,69953.06,70354.83,70636.02,71040.67","90254.18,75874.90,76167.63,76704.76,77286.98,77897.05,78515.36,79171.55,79900.73,80553.68,81027.90,81509.58,82011.26,82379.44,82886.79"
15,0.5,0.06,70857.234375,6597108224.0,81222.58444546073,0.3222561157136052,grid_models\seq2seq_tlen15_tfr0.5_lr0.06.pt,"71061.45,66879.22,68004.93,68597.19,69123.98,69659.77,70198.83,70761.23,71362.88,71918.21,72306.85,72696.20,73100.46,73390.49,73796.85","86411.51,76904.11,77509.37,78094.79,78686.95,79302.29,79925.87,80590.70,81318.29,81976.57,82452.02,82935.27,83437.45,83811.88,84319.55"
15,0.5,0.08,67637.5078125,6559866368.0,80993.00196930596,0.3168763849470351,grid_models\seq2seq_tlen15_tfr0.5_lr0.08.pt,"62498.01,90786.09,63596.31,63560.77,64108.62,64676.28,65245.19,65826.73,66439.45,67011.46,67401.27,67792.12,68203.20,68500.62,68916.55","74600.45,107245.22,75980.36,75791.94,76417.94,77087.65,77762.68,78478.06,79246.66,79952.52,80447.04,80949.13,81471.23,81867.71,82395.02"
15,0.5,0.1,74681.5703125,7956776960.0,89200.7677097008,0.37617680733954467,grid_models\seq2seq_tlen15_tfr0.5_lr0.1.pt,"163998.23,64877.05,65034.51,65910.91,66504.18,67069.45,67631.89,68211.73,68825.60,69395.61,69789.55,70183.80,70595.00,70891.37,71304.70","174631.17,77725.15,75924.66,76617.15,77262.65,77915.34,78572.55,79269.76,80024.97,80714.12,81203.46,81700.62,82217.70,82607.48,83129.41"
15,0.6,0.01,66997.7421875,6301827072.0,79384.04796934962,0.3135192621223353,grid_models\seq2seq_tlen15_tfr0.6_lr0.01.pt,"63340.82,63894.02,64376.57,64874.96,65415.81,65982.67,66552.23,67138.52,67748.69,68322.91,68708.60,69096.09,69502.87,69800.18,70211.14","74953.81,75545.79,76110.87,76703.46,77354.49,78036.60,78723.05,79450.05,80221.23,80937.09,81429.71,81929.69,82449.46,82849.45,83374.75"
15,0.6,0.04,65901.8515625,6196592640.0,78718.43900891328,0.29986043874588275,grid_models\seq2seq_tlen15_tfr0.6_lr0.04.pt,"62502.50,65831.30,63329.75,63645.02,64140.22,64671.89,65209.14,65765.59,66368.38,66921.59,67297.82,67674.12,68070.74,68347.31,68752.38","74585.88,78800.65,75623.92,75949.52,76523.89,77147.12,77779.16,78449.39,79188.96,79854.94,80332.45,80817.16,81321.88,81694.74,82205.82"
15,0.6,0.06,67641.578125,6403099136.0,80019.3672556838,0.3222028546863132,grid_models\seq2seq_tlen15_tfr0.6_lr0.06.pt,"62991.30,73859.30,63743.18,64675.17,65345.76,65961.77,66568.27,67186.30,67816.14,68411.77,68819.30,69226.87,69652.04,69969.77,70396.68","74322.51,89366.38,75371.90,76193.31,76946.51,77666.66,78382.95,79141.47,79935.82,80679.23,81190.01,81708.94,82247.68,82668.23,83210.95"
15,0.6,0.08,69447.765625,6412493824.0,80078.04832786573,0.3166322234880041,grid_models\seq2seq_tlen15_tfr0.6_lr0.08.pt,"65756.13,66494.56,67786.42,67136.08,67814.82,68386.51,68938.20,69506.52,70114.04,70675.26,71065.88,71457.05,71864.35,72155.83,72564.88","75652.81,76378.87,79983.21,77341.37,77943.41,78581.98,79220.10,79896.08,80635.56,81305.24,81786.22,82274.99,82783.61,83163.12,83676.73"
15,0.6,0.1,99801.4140625,12608371712.0,112287.00598021127,0.6146787747188851,grid_models\seq2seq_tlen15_tfr0.6_lr0.1.pt,"212432.52,92278.79,88228.75,88716.51,89363.67,90041.73,90715.31,91414.40,92030.32,92668.06,93058.30,93446.84,93844.91,94195.06,94586.08","217533.91,97192.98,95978.27,97062.24,97919.22,98756.95,99585.52,100463.77,101268.16,102109.05,102607.77,103115.26,103639.36,104115.78,104642.32"
15,0.7,0.01,67108.015625,6311957504.0,79447.82881866564,0.31405338727765614,grid_models\seq2seq_tlen15_tfr0.7_lr0.01.pt,"63494.70,64009.04,64483.00,64980.05,65520.91,66088.21,66658.28,67245.18,67855.42,68430.00,68815.74,69203.32,69610.06,69907.70,70318.63","75038.70,75609.54,76170.28,76762.55,77414.18,78097.16,78784.52,79512.50,80284.03,81000.73,81493.44,81993.52,82513.34,82913.76,83439.14"
15,0.7,0.04,66923.828125,6281544704.0,79256.1966284025,0.30294632966871615,grid_models\seq2seq_tlen15_tfr0.7_lr0.04.pt,"71585.84,63337.25,63826.77,64312.79,64822.65,65354.16,65890.06,66446.50,67051.95,67607.29,67988.12,68369.02,68768.51,69046.37,69450.09","84696.98,75350.07,75557.78,76069.54,76655.00,77272.50,77897.79,78561.02,79296.26,79955.86,80432.21,80915.85,81419.58,81789.82,82299.49"
15,0.7,0.06,71869.5625,6856130048.0,82801.75147905991,0.3136423591662336,grid_models\seq2seq_tlen15_tfr0.7_lr0.06.pt,"68462.88,79170.77,69128.30,69281.75,69712.69,70170.57,70636.17,71129.88,71704.88,72216.44,72581.78,72949.84,73332.80,73588.29,73976.47","78821.20,96877.72,79862.98,79366.51,79755.48,80249.72,80763.52,81310.76,81962.73,82517.25,82947.57,83384.75,83841.64,84154.02,84616.65"
15,0.7,0.08,74328.265625,7075816960.0,84117.87538924173,0.3241802659575586,grid_models\seq2seq_tlen15_tfr0.7_lr0.08.pt,"75404.80,70730.47,71821.52,72310.37,72745.50,73188.38,73638.47,74115.00,74674.84,75170.79,75530.51,75893.38,76270.88,76523.79,76905.29","92125.27,80618.55,80845.52,81262.31,81719.55,82201.96,82695.59,83220.72,83852.36,84385.79,84805.05,85231.23,85676.85,85979.05,86431.57"
15,0.7,0.1,70695.78125,6980780032.0,83551.06242292793,0.3446669161871628,grid_models\seq2seq_tlen15_tfr0.7_lr0.1.pt,"64139.11,102828.02,66229.80,65838.74,66415.98,67037.46,67657.15,68288.94,68915.91,69518.96,69921.05,70325.34,70748.33,71073.23,71498.72","75384.50,115871.55,77174.88,77477.45,78273.51,79034.68,79786.53,80581.01,81391.09,82165.75,82679.94,83202.07,83743.68,84178.55,84724.38"
20,0.2,0.01,67451.65625,6310167040.0,79436.55984494797,0.30496765410198884,grid_models\seq2seq_tlen20_tfr0.2_lr0.01.pt,"64912.04,62943.43,64519.80,65088.53,65345.19,65580.49,65983.48,66396.91,66806.95,67268.61,67669.62,68078.12,68552.32,68911.01,69402.01,69722.53,70049.99,70320.88,70593.25,70887.98","75787.55,74620.16,75767.50,76363.66,76723.42,77056.45,77558.42,78074.70,78591.66,79130.66,79605.95,80100.41,80696.66,81162.16,81770.05,82179.32,82594.15,82956.10,83319.92,83713.24"
20,0.2,0.04,68362.3828125,6720689152.0,81979.80941670942,0.3446536080217829,grid_models\seq2seq_tlen20_tfr0.2_lr0.04.pt,"103418.27,62214.55,62621.84,63236.89,63628.57,63981.04,64507.21,65053.16,65553.51,66126.30,66635.66,67150.71,67690.06,68137.80,68690.85,69051.59,69417.41,69725.00,70027.88,70379.48","119781.31,74225.98,74732.23,75434.77,75905.75,76328.46,76935.13,77558.14,78160.74,78842.98,79446.10,80074.55,80779.78,81379.52,82094.90,82564.62,83040.91,83452.16,83863.56,84337.77"
20,0.2,0.06,81045.4765625,8158589952.0,90324.91324103223,0.36079541506136165,grid_models\seq2seq_tlen20_tfr0.2_lr0.06.pt,"119816.80,75523.70,76573.09,76989.27,77183.11,77373.62,77685.30,78005.62,78349.09,78691.81,78983.14,79292.41,79698.80,79979.37,80397.70,80705.59,81016.04,81281.54,81548.43,81815.21","137139.06,85727.27,84640.78,84844.78,85053.05,85272.02,85619.84,85979.30,86358.22,86681.25,86964.19,87273.27,87713.74,88002.84,88452.80,88797.09,89142.46,89457.76,89775.16,90099.06"
20,0.2,0.08,78228.609375,7883463168.0,88788.86849149504,0.3524782133160853,grid_models\seq2seq_tlen20_tfr0.2_lr0.08.pt,"136470.31,71693.65,72504.88,72977.23,73194.71,73402.81,73740.95,74086.98,74452.19,74827.40,75147.52,75483.94,75914.14,76217.17,76659.30,76977.10,77297.57,77568.34,77840.05,78116.00","151175.72,83268.14,81432.27,81640.67,81873.60,82116.84,82498.84,82893.07,83303.82,83671.05,83993.31,84341.58,84818.76,85145.37,85632.46,85996.03,86361.36,86692.09,87024.83,87368.93"
20,0.2,0.1,73455.734375,6843785728.0,82727.17647786609,0.32322661330302555,grid_models\seq2seq_tlen20_tfr0.2_lr0.1.pt,"69116.49,73126.20,71052.73,71243.72,71437.01,71652.65,72009.19,72374.73,72754.03,73151.07,73491.31,73846.72,74290.95,74609.28,75065.12,75387.93,75713.38,75986.97,76261.11,76544.18","80608.52,80859.41,79477.09,80071.77,80382.55,80652.20,81060.70,81481.27,81914.83,82316.41,82669.33,83048.43,83552.69,83909.27,84423.63,84801.09,85180.80,85522.53,85866.09,86226.11"
20,0.3,0.01,67640.2265625,6328449024.0,79551.54947579588,0.31316100689126,grid_models\seq2seq_tlen20_tfr0.3_lr0.01.pt,"64154.41,64485.34,64791.82,65099.12,65348.33,65604.83,66037.12,66483.72,66913.52,67402.83,67830.80,68265.52,68752.52,69133.88,69639.02,69965.88,70299.94,70577.27,70855.14,71163.55","75105.30,75453.69,75834.79,76238.80,76599.73,76957.31,77493.28,78045.04,78590.73,79179.59,79699.41,80239.05,80870.68,81380.90,82024.01,82450.22,82882.62,83257.57,83633.96,84049.84"
20,0.3,0.04,66239.3046875,6279067648.0,79240.56819584272,0.3096618471192379,grid_models\seq2seq_tlen20_tfr0.3_lr0.04.pt,"81769.45,62903.34,62365.84,62623.89,62871.77,63128.59,63565.73,64021.48,64455.26,64947.70,65378.64,65818.01,66306.42,66690.30,67201.59,67538.23,67880.74,68159.38,68401.51,68758.32","93119.79,74817.54,74469.76,74837.02,75201.63,75564.43,76106.52,76664.41,77216.03,77806.33,78327.27,78871.16,79511.65,80026.81,80678.09,81115.50,81556.90,81929.88,82240.81,82562.43"
20,0.3,0.06,71417.0625,6694822400.0,81821.8943804163,0.3260206521726122,grid_models\seq2seq_tlen20_tfr0.3_lr0.06.pt,"82703.78,67026.46,67737.67,68162.41,68438.14,68706.62,69128.11,69560.77,69985.42,70449.89,70854.41,71270.68,71752.95,72120.55,72613.39,72949.75,73288.57,73572.20,73855.02,74164.52","100371.40,77109.41,77073.95,77468.80,77805.62,78133.35,78623.18,79127.64,79631.95,80147.24,80601.66,81083.37,81673.03,82130.29,82730.14,83150.09,83573.84,83948.77,84324.76,84736.92"
20,0.3,0.08,67945.6953125,6505395712.0,80656.03332671401,0.2995418831706047,grid_models\seq2seq_tlen20_tfr0.3_lr0.08.pt,"92017.49,62913.74,63945.21,64330.90,64537.23,64753.21,65125.55,65503.10,65895.72,66320.93,66685.34,67060.38,67524.59,67852.97,68327.18,68641.15,68924.40,69145.31,69540.80,69868.90","106019.13,74588.87,75643.91,76147.24,76451.86,76740.88,77185.57,77643.85,78113.33,78563.71,78959.74,79378.53,79920.03,80312.55,80865.60,81262.48,81691.94,82255.77,82940.30,83398.80"
20,0.3,0.1,71330.5703125,7399862784.0,86022.45511492915,0.36183786509083765,grid_models\seq2seq_tlen20_tfr0.3_lr0.1.pt,"157867.27,67627.19,63468.43,63544.73,63820.22,64116.93,64598.23,65098.16,65562.12,66092.45,66558.66,67029.12,67535.68,67947.79,68475.59,68816.36,69164.91,69457.11,69748.66,70081.87","166810.61,77992.28,75126.96,75497.68,75901.73,76296.26,76876.70,77473.60,78055.99,78704.77,79277.99,79873.36,80551.05,81116.82,81805.37,82257.10,82715.47,83111.25,83507.80,83957.05"
20,0.4,0.01,66791.8125,6250966016.0,79063.05088978037,0.3056683556414118,grid_models\seq2seq_tlen20_tfr0.4_lr0.01.pt,"63554.88,63801.67,64067.19,64342.70,64567.17,64804.54,65217.62,65643.60,66060.69,66533.19,66944.87,67364.28,67843.59,68210.69,68707.98,69032.39,69364.04,69639.42,69916.27,70219.65","74812.84,75137.59,75493.51,75873.45,76215.52,76557.59,77075.11,77608.04,78138.82,78699.22,79193.58,79708.01,80321.45,80806.80,81431.69,81850.85,82275.71,82645.84,83017.59,83423.39"
20,0.4,0.04,66422.0703125,6295800320.0,79346.07942425385,0.30452017354614597,grid_models\seq2seq_tlen20_tfr0.4_lr0.04.pt,"83894.86,63098.54,62592.41,62841.68,63065.77,63303.81,63715.14,64138.87,64557.45,65027.82,65437.08,65855.38,66334.20,66695.48,67191.70,67522.83,67860.54,68142.77,68426.94,68738.21","96156.63,75284.06,74641.37,74941.97,75273.02,75610.74,76122.41,76649.31,77175.84,77721.84,78203.23,78707.68,79317.90,79794.34,80415.45,80839.88,81269.19,81645.73,82023.72,82435.53"
20,0.4,0.06,69192.0,6777005056.0,82322.56711254819,0.3476620518109378,grid_models\seq2seq_tlen20_tfr0.4_lr0.06.pt,"62553.72,105226.49,62859.19,63868.94,64459.48,64844.31,65373.07,65916.58,66415.43,66984.30,67489.62,68001.20,68539.82,68985.28,69534.91,69895.00,70258.12,70562.16,70861.90,71210.62","73911.78,122438.46,74574.10,75456.37,76123.83,76574.25,77179.67,77797.92,78395.59,79069.27,79664.84,80286.82,80987.26,81581.30,82291.72,82760.98,83236.50,83648.02,84059.63,84534.03"
20,0.4,0.08,72153.3203125,6859713024.0,82823.38452393744,0.30597500634544034,grid_models\seq2seq_tlen20_tfr0.4_lr0.08.pt,"69022.93,69998.20,69950.45,70164.30,70305.95,70481.27,70790.05,71105.85,71455.98,71809.44,72105.74,72418.87,72843.45,73128.38,73567.30,73885.63,74211.45,74511.30,75000.79,76309.09","80317.24,78722.02,80177.16,80767.84,81015.60,81234.59,81582.02,81940.16,82323.02,82639.10,82915.25,83214.38,83653.57,83929.70,84379.04,84721.38,85064.86,85376.46,85698.87,86296.24"
20,0.4,0.1,85352.1484375,10634993664.0,103126.1056377094,0.5152312283422432,grid_models\seq2seq_tlen20_tfr0.4_lr0.1.pt,"260467.48,82369.49,72442.62,72265.44,72588.40,72946.82,73481.70,74032.89,74532.47,75123.23,75649.52,76177.00,76716.17,77182.84,77728.87,78062.74,78398.77,78671.89,78939.73,79264.82","266150.28,88844.80,81329.69,81762.91,82234.59,82673.21,83300.85,83945.93,84560.73,85297.65,85950.46,86621.95,87341.54,87983.55,88714.75,89171.52,89637.27,90031.62,90426.21,90892.67"
20,0.5,0.01,71374.8671875,7693896704.0,87714.86022333958,0.37341369191805523,grid_models\seq2seq_tlen20_tfr0.5_lr0.01.pt,"175446.38,65484.31,62302.55,62661.53,62984.51,63293.50,63779.39,64285.73,64754.74,65291.67,65765.84,66246.02,66759.70,67177.20,67710.62,68058.73,68413.41,68712.42,69012.87,69356.34","187503.45,77609.86,74454.74,74983.79,75415.91,75815.47,76397.20,76994.99,77578.22,78224.98,78796.35,79391.50,80071.32,80637.38,81327.73,81783.98,82246.50,82646.95,83048.03,83502.82"
20,0.5,0.04,67148.828125,6415734272.0,80098.27883294372,0.3000242276957222,grid_models\seq2seq_tlen20_tfr0.5_lr0.04.pt,"89176.20,64075.93,63302.64,63481.90,63672.21,63891.59,64275.83,64664.84,65064.04,65503.84,65882.74,66271.04,66739.48,67076.47,67556.39,67877.33,68203.17,68474.09,68747.73,69039.16","102911.24,76643.09,75389.09,75570.59,75851.10,76153.25,76621.88,77105.19,77595.88,78081.32,78508.64,78958.50,79525.11,79947.77,80525.39,80928.98,81336.62,81697.16,82059.62,82444.62"
20,0.5,0.06,72086.8125,6839658496.0,82702.22787809286,0.3055262532742584,grid_models\seq2seq_tlen20_tfr0.5_lr0.06.pt,"68710.96,70129.81,70032.76,70170.71,70305.51,70482.98,70796.19,71116.56,71469.52,71827.27,72127.90,72445.16,72871.75,73159.74,73600.27,73918.55,74240.28,74508.95,74779.27,75042.27","79294.48,79500.80,80261.62,80637.13,80858.91,81078.55,81431.60,81796.09,82184.23,82508.84,82792.64,83099.72,83545.59,83829.67,84285.70,84631.78,84979.34,85295.83,85614.94,85933.03"
20,0.5,0.08,69300.59375,6558593024.0,80985.14076051235,0.2993990082074614,grid_models\seq2seq_tlen20_tfr0.5_lr0.08.pt,"66021.31,76288.23,66321.91,66605.25,66811.11,67022.87,67377.30,67781.27,68128.64,68532.75,68877.86,69234.76,69655.47,70009.25,70474.78,70800.12,71126.91,71398.02,71633.86,71910.25","76696.52,92018.38,78157.52,77748.55,77932.91,78189.48,78600.65,79055.14,79442.27,79869.16,80223.05,80601.77,81078.48,81467.59,81970.88,82348.60,82747.45,83090.75,83392.68,83752.49"
20,0.5,0.1,74420.2890625,7981907456.0,89341.52145559197,0.37130381532159507,grid_models\seq2seq_tlen20_tfr0.5_lr0.1.pt,"64979.38,180542.30,67286.25,65610.76,65920.33,66186.39,66595.52,67012.66,67428.23,67883.27,68277.64,68683.24,69160.89,69516.84,70006.91,70340.31,70681.45,70997.86,71673.46,79622.29","76515.46,193282.06,80580.82,76392.35,76540.47,76845.30,77325.01,77820.45,78319.35,78820.63,79262.28,79729.40,80309.66,80751.10,81341.93,81756.21,82176.45,82567.52,83265.63,92397.54"
20,0.6,0.01,68061.6484375,6646727168.0,81527.46266136337,0.34009337980373233,grid_models\seq2seq_tlen20_tfr0.6_lr0.01.pt,"101055.92,62253.40,62508.65,63090.08,63467.29,63809.80,64326.93,64864.06,65357.97,65922.62,66423.98,66931.20,67464.98,67905.81,68454.52,68812.86,69176.66,69483.48,69786.39,70136.53","115893.45,74280.12,74631.41,75287.05,75745.60,76162.20,76762.78,77379.59,77977.55,78650.80,79245.88,79866.07,80565.23,81156.71,81866.07,82332.93,82806.25,83215.31,83624.65,84094.66"
20,0.6,0.04,68250.625,6468874240.0,80429.31206966774,0.3056807747366382,grid_models\seq2seq_tlen20_tfr0.6_lr0.04.pt,"90055.66,64211.55,64250.02,64563.39,64790.58,65028.51,65427.14,65834.65,66244.98,66695.16,67084.52,67484.55,67959.28,68308.84,68796.33,69125.58,69456.73,69714.27,69880.84,70100.05","104375.66,76342.65,75495.23,75762.34,76064.66,76376.58,76853.85,77345.70,77842.59,78338.72,78775.67,79237.02,79813.18,80248.19,80835.05,81245.88,81660.02,82021.82,82375.97,83066.73"
20,0.6,0.06,78744.6796875,7812101632.0,88386.09410987681,0.3417286257825646,grid_models\seq2seq_tlen20_tfr0.6_lr0.06.pt,"101797.82,74290.49,75239.98,75579.83,75747.08,75924.06,76223.42,76530.48,76867.55,77200.14,77480.80,77779.66,78182.43,78454.34,78870.10,79177.99,79488.88,79754.21,80021.48,80282.91","119506.37,84933.72,84084.31,84241.53,84427.74,84632.81,84965.85,85310.12,85677.66,85978.80,86241.96,86530.10,86954.93,87222.46,87656.84,87992.84,88329.73,88638.41,88949.49,89260.93"
20,0.6,0.08,66604.90625,6244072448.0,79019.4434807029,0.2966254424376815,grid_models\seq2seq_tlen20_tfr0.6_lr0.08.pt,"63538.84,63852.97,63645.16,64039.07,64244.09,64455.59,64823.48,65195.09,65584.27,66005.19,66365.41,66735.43,67197.72,67521.48,67994.12,68311.96,68634.64,68915.38,69608.78,75429.48","75261.04,74658.37,75426.89,76149.80,76484.89,76774.07,77214.39,77667.37,78132.69,78576.41,78966.46,79378.54,79914.27,80299.66,80846.22,81233.48,81617.80,81920.79,82249.59,86570.52"
20,0.6,0.1,68629.6875,6801016832.0,82468.2777315011,0.3351554769803496,grid_models\seq2seq_tlen20_tfr0.6_lr0.1.pt,"61945.27,121630.78,63262.05,62756.45,63139.73,63451.04,63924.06,64414.25,64873.84,65395.52,65855.34,66323.29,66831.46,67238.08,67764.40,68111.29,68463.85,68760.41,69057.69,69395.13","73876.44,136023.50,75555.54,74781.37,75230.14,75625.62,76191.83,76772.48,77341.84,77962.48,78510.57,79083.22,79746.81,80291.06,80965.12,81415.88,81872.38,82269.42,82667.20,83114.56"
20,0.7,0.01,68908.578125,6932416000.0,83261.13138794116,0.3400670791081354,grid_models\seq2seq_tlen20_tfr0.7_lr0.01.pt,"129391.09,64166.27,62363.43,62661.71,62953.62,63244.18,63715.25,64206.73,64663.61,65183.85,65642.92,66110.02,66615.27,67022.19,67548.52,67892.41,68243.29,68538.48,68835.34,69173.53","143400.91,76090.55,74484.60,74936.99,75342.95,75731.26,76302.05,76888.95,77463.66,78095.30,78653.16,79234.34,79903.32,80455.41,81135.06,81585.78,82042.63,82438.72,82835.60,83282.73"
20,0.7,0.04,67985.3125,6489882112.0,80559.80456778678,0.30175527155983684,grid_models\seq2seq_tlen20_tfr0.7_lr0.04.pt,"91081.83,64412.45,64038.23,64272.19,64473.91,64698.37,65083.61,65475.93,65877.23,66315.56,66693.06,67081.09,67550.41,67889.30,68370.23,68693.04,69005.77,69202.88,69607.12,69884.13","105762.66,76865.85,75660.79,75856.38,76135.88,76434.45,76897.02,77373.95,77858.97,78334.94,78753.84,79196.27,79757.18,80173.12,80744.92,81148.05,81558.64,81973.27,82825.62,82995.38"
20,0.7,0.06,79101.140625,7780573696.0,88207.56031089398,0.34383653907799255,grid_models\seq2seq_tlen20_tfr0.7_lr0.06.pt,"91885.68,75047.49,76111.39,76456.78,76631.22,76813.52,77118.09,77430.49,77769.80,78106.00,78390.72,78693.60,79097.03,79372.19,79788.07,80095.46,80405.61,80670.77,80937.60,81201.33","110369.97,84889.41,84462.95,84662.41,84860.06,85071.30,85410.61,85761.08,86133.09,86443.46,86714.98,87012.08,87443.34,87720.21,88160.96,88500.40,88840.79,89152.22,89465.91,89782.85"
20,0.7,0.08,69365.75,6969836032.0,83485.5438504176,0.30746757290234755,grid_models\seq2seq_tlen20_tfr0.7_lr0.08.pt,"65066.48,116949.77,67070.42,64672.27,64575.80,64736.29,65079.34,65431.49,65811.02,66214.08,66555.37,66907.91,67366.12,67675.95,68140.47,68452.91,68769.31,69022.88,69279.03,69538.06","77970.57,132905.34,80815.19,77522.85,77397.27,77606.77,78009.70,78430.50,78869.84,79272.88,79626.54,80000.44,80503.56,80850.81,81365.15,81734.83,82107.70,82440.98,82776.92,83118.88"
20,0.7,0.1,81812.0390625,11559566336.0,107515.42371213537,0.553733245414846,grid_models\seq2seq_tlen20_tfr0.7_lr0.1.pt,"316687.88,77522.59,65034.95,65121.99,65505.89,65880.10,66432.52,67003.66,67520.90,68122.60,68660.02,69200.07,69752.30,70221.66,70781.44,71133.83,71478.30,71692.97,71817.78,76669.33","322038.53,86243.85,76331.60,77097.70,77631.77,78083.23,78719.27,79371.85,79996.59,80728.19,81375.55,82045.45,82776.48,83416.41,84157.48,84628.09,85084.06,85313.55,84857.66,87238.58"
